source	target	ligand	receptor	pathway	prob_a	pvalue_a	ligand_expr_a	receptor_expr_a	prob_b	pvalue_b	ligand_expr_b	receptor_expr_b	delta_prob	abs_delta_prob	log2fc	percent_change	is_new	is_lost	direction
effector memory CD4-positive, alpha-beta T cell	CD14-positive, CD16-negative classical monocyte	MIF	CD74_CD44	MIF	4.774835970741208e-05		0.0019193857965451	0.0124390416476158	0.0001246458348999		0.0031152647975077	0.0200081504340578	-7.689747519253915e-05	7.689747519253915e-05	-1.3842929569537852	-0.6169228063774064	False	False	normal
CD14-positive, CD16-negative classical monocyte	CD14-positive, CD16-negative classical monocyte	ANXA1	FPR1	ANNEXIN	5.341575322658779e-05		0.013915547024952	0.0019193857965451	0.0001212962199246		0.0194704049844236	0.0031152647975077	-6.788046669801447e-05	6.788046669801447e-05	-1.1831822909835563	-0.5596209603172161	False	False	normal
CD14-positive, CD16-negative classical monocyte	CD14-positive, CD16-negative classical monocyte	LGALS9	PTPRC	GALECTIN	4.006234991008996e-05		0.0014395393474088	0.013915547024952	0.0001055293753752		0.0023364485981308	0.0225856697819314	-6.546702546517613e-05	6.546702546517613e-05	-1.39730335465244	-0.6203619122207737	False	False	normal
CD14-positive, CD16-negative classical monocyte	effector memory CD8-positive, alpha-beta T cell	LGALS9	PTPRC	GALECTIN	4.420654772649409e-05		0.0014395393474088	0.0153550863723608	0.0001091679220977		0.0023364485981308	0.0233644859813084	-6.496137437127669e-05	6.496137437127669e-05	-1.3041975996395632	-0.5950537307045848	False	False	normal
effector memory CD4-positive, alpha-beta T cell	CD14-positive, CD16-negative classical monocyte	ANXA1	FPR1	ANNEXIN	3.683906119336455e-05		0.0095969289827255	0.0019193857965451	9.703933004046538e-05		0.0155763239875389	0.0031152647975077	-6.020026884710083e-05	6.020026884710083e-05	-1.3973089993393857	-0.6203633975894104	False	False	normal
CD14-positive, CD16-negative classical monocyte	central memory CD4-positive, alpha-beta T cell	LGALS9	PTPRC	GALECTIN	3.1773851225618755e-05		0.0014395393474088	0.0110364683301343	8.733624454148471e-05		0.0023364485981308	0.0186915887850467	-5.556239331586596e-05	5.556239331586596e-05	-1.458711644986504	-0.6361821191814006	False	False	normal
CD14-positive, CD16-negative classical monocyte	effector memory CD4-positive, alpha-beta T cell	LGALS9	PTPRC	GALECTIN	3.315527721495672e-05		0.0014395393474088	0.0115163147792706	8.733624454148471e-05		0.0023364485981308	0.0186915887850467	-5.4180967326528e-05	5.4180967326528e-05	-1.3973149851244395	-0.6203649727098081	False	False	normal
effector memory CD8-positive, alpha-beta T cell	CD14-positive, CD16-negative classical monocyte	CCL5	CCR1	CCL	3.5457645382102174e-05		0.0369481765834932	0.0004798464491362	8.854914052748599e-05		0.0568535825545171	0.0007788161993769	-5.309149514538382e-05	5.309149514538382e-05	-1.3203571741442168	-0.5995642110686905	False	False	normal
central memory CD4-positive, alpha-beta T cell	CD14-positive, CD16-negative classical monocyte	MIF	CD74_CD44	MIF	4.774835970741208e-05		0.0019193857965451	0.0124390416476158	9.34872893752726e-05		0.0023364485981308	0.0200081504340578	-4.573892966786052e-05	4.573892966786052e-05	-0.969304272458438	-0.4892476905236683	False	False	normal
CD14-positive, CD16-negative classical monocyte	naive thymus-derived CD4-positive, alpha-beta T cell	LGALS9	PTPRC	GALECTIN	2.4866664026502335e-05		0.0014395393474088	0.0086372360844529	6.550361361601779e-05		0.0023364485981308	0.014018691588785	-4.0636949589515454e-05	4.0636949589515454e-05	-1.397325529366382	-0.6203677473425862	False	False	normal
central memory CD4-positive, alpha-beta T cell	CD14-positive, CD16-negative classical monocyte	ANXA1	FPR1	ANNEXIN	2.2103762428761416e-05		0.0057581573896353	0.0019193857965451	5.8225858103583794e-05		0.0093457943925233	0.0031152647975077	-3.612209567482238e-05	3.612209567482238e-05	-1.3973275446737083	-0.6203682776522524	False	False	normal
CD14-positive, CD16-negative classical monocyte	CD14-positive, CD16-negative classical monocyte	LGALS9	CD44	GALECTIN	1.6577913430136068e-05		0.0014395393474088	0.0057581573896353	4.36700292589196e-05		0.0023364485981308	0.0093457943925233	-2.7092115828783533e-05	2.7092115828783533e-05	-1.397327076865767	-0.620368154552943	False	False	normal
effector memory CD4-positive, alpha-beta T cell	CD14-positive, CD16-negative classical monocyte	MIF	CD74_CXCR4	MIF	1.378423234109505e-05		0.0019193857965451	0.0035908420218559	3.5985343759492424e-05		0.0031152647975077	0.0057758555195449	-2.2201111418397376e-05	2.2201111418397376e-05	-1.384325947534015	-0.6169315662289587	False	False	normal
effector memory CD8-positive, alpha-beta T cell	CD14-positive, CD16-negative classical monocyte	ANXA1	FPR1	ANNEXIN	2.3945698523655587e-05		0.0062380038387715	0.0019193857965451	4.36700292589196e-05		0.0070093457943925	0.0031152647975077	-1.972433073526401e-05	1.972433073526401e-05	-0.8668497650013505	-0.4516571070107172	False	False	normal
effector memory CD8-positive, alpha-beta T cell	CD14-positive, CD16-negative classical monocyte	MIF	CD74_CD44	MIF	1.1937517424510018e-05		0.0004798464491362	0.0124390416476158	3.116437210687311e-05		0.0007788161993769	0.0200081504340578	-1.922685468236309e-05	1.922685468236309e-05	-1.3843202505093968	-0.616930053536016	False	False	normal
naive thymus-derived CD4-positive, alpha-beta T cell	CD14-positive, CD16-negative classical monocyte	MIF	CD74_CD44	MIF	1.1937517424510018e-05		0.0004798464491362	0.0124390416476158	3.116437210687311e-05		0.0007788161993769	0.0200081504340578	-1.922685468236309e-05	1.922685468236309e-05	-1.3843202505093968	-0.616930053536016	False	False	normal
CD14-positive, CD16-negative classical monocyte	CD14-positive, CD16-negative classical monocyte	MIF	CD74_CD44	MIF	1.1937517424510018e-05		0.0004798464491362	0.0124390416476158	3.116437210687311e-05		0.0007788161993769	0.0200081504340578	-1.922685468236309e-05	1.922685468236309e-05	-1.3843202505093968	-0.616930053536016	False	False	normal
central memory CD4-positive, alpha-beta T cell	CD14-positive, CD16-negative classical monocyte	MIF	CD74_CXCR4	MIF	1.378423234109505e-05		0.0019193857965451	0.0035908420218559	2.69892506239847e-05		0.0023364485981308	0.0057758555195449	-1.3205018282889649e-05	1.3205018282889649e-05	-0.9693147900967002	-0.4892514140330027	False	False	normal
effector memory CD4-positive, alpha-beta T cell	effector memory CD8-positive, alpha-beta T cell	MIF	CD74_CXCR4	MIF	3.68402826386484e-06		0.0019193857965451	0.0009596928982725	1.6809053613940003e-05		0.0031152647975077	0.0026978984541571	-1.3125025350075164e-05	1.3125025350075164e-05	-2.1895767360809497	-0.7807842646730782	False	False	normal
central memory CD4-positive, alpha-beta T cell	effector memory CD4-positive, alpha-beta T cell	PPIA	BSG	CypA	5.98653214468435e-06		0.0062380038387715	0.0004798464491362	1.577017278043916e-05		0.0101246105919003	0.0007788161993769	-9.78364063575481e-06	9.78364063575481e-06	-1.397256544977261	-0.6203495942856811	False	False	normal
central memory CD4-positive, alpha-beta T cell	CD14-positive, CD16-negative classical monocyte	PPIA	BSG	CypA	5.98653214468435e-06		0.0062380038387715	0.0004798464491362	1.577017278043916e-05		0.0101246105919003	0.0007788161993769	-9.78364063575481e-06	9.78364063575481e-06	-1.397256544977261	-0.6203495942856811	False	False	normal
central memory CD4-positive, alpha-beta T cell	central memory CD4-positive, alpha-beta T cell	PPIA	BSG	CypA	5.98653214468435e-06		0.0062380038387715	0.0004798464491362	1.577017278043916e-05		0.0101246105919003	0.0007788161993769	-9.78364063575481e-06	9.78364063575481e-06	-1.397256544977261	-0.6203495942856811	False	False	normal
CD14-positive, CD16-negative classical monocyte	CD14-positive, CD16-negative classical monocyte	GRN	SORT1	GRN	5.98653214468435e-06		0.0062380038387715	0.0004798464491362	1.577017278043916e-05		0.0101246105919003	0.0007788161993769	-9.78364063575481e-06	9.78364063575481e-06	-1.397256544977261	-0.6203495942856811	False	False	normal
central memory CD4-positive, alpha-beta T cell	effector memory CD8-positive, alpha-beta T cell	PPIA	BSG	CypA	5.98653214468435e-06		0.0062380038387715	0.0004798464491362	1.577017278043916e-05		0.0101246105919003	0.0007788161993769	-9.78364063575481e-06	9.78364063575481e-06	-1.397256544977261	-0.6203495942856811	False	False	normal
effector memory CD4-positive, alpha-beta T cell	effector memory CD8-positive, alpha-beta T cell	PPIA	BSG	CypA	5.98653214468435e-06		0.0062380038387715	0.0004798464491362	1.577017278043916e-05		0.0101246105919003	0.0007788161993769	-9.78364063575481e-06	9.78364063575481e-06	-1.397256544977261	-0.6203495942856811	False	False	normal
effector memory CD4-positive, alpha-beta T cell	central memory CD4-positive, alpha-beta T cell	PPIA	BSG	CypA	5.98653214468435e-06		0.0062380038387715	0.0004798464491362	1.577017278043916e-05		0.0101246105919003	0.0007788161993769	-9.78364063575481e-06	9.78364063575481e-06	-1.397256544977261	-0.6203495942856811	False	False	normal
effector memory CD4-positive, alpha-beta T cell	CD14-positive, CD16-negative classical monocyte	PPIA	BSG	CypA	5.98653214468435e-06		0.0062380038387715	0.0004798464491362	1.577017278043916e-05		0.0101246105919003	0.0007788161993769	-9.78364063575481e-06	9.78364063575481e-06	-1.397256544977261	-0.6203495942856811	False	False	normal
effector memory CD4-positive, alpha-beta T cell	effector memory CD4-positive, alpha-beta T cell	PPIA	BSG	CypA	5.98653214468435e-06		0.0062380038387715	0.0004798464491362	1.577017278043916e-05		0.0101246105919003	0.0007788161993769	-9.78364063575481e-06	9.78364063575481e-06	-1.397256544977261	-0.6203495942856811	False	False	normal
CD14-positive, CD16-negative classical monocyte	central memory CD4-positive, alpha-beta T cell	LGALS9	CD44	GALECTIN	5.526032216767824e-06		0.0014395393474088	0.0019193857965451	1.455710022563505e-05		0.0023364485981308	0.0031152647975077	-9.031068008867229e-06	9.031068008867229e-06	-1.3972451747566117	-0.6203466021592989	False	False	normal
CD14-positive, CD16-negative classical monocyte	CD14-positive, CD16-negative classical monocyte	PPIA	BSG	CypA	5.526032216767824e-06		0.0057581573896353	0.0004798464491362	1.455710022563505e-05		0.0093457943925233	0.0007788161993769	-9.031068008867229e-06	9.031068008867229e-06	-1.3972451747566117	-0.6203466021592989	False	False	normal
CD14-positive, CD16-negative classical monocyte	effector memory CD4-positive, alpha-beta T cell	LGALS9	CD44	GALECTIN	5.526032216767824e-06		0.0014395393474088	0.0019193857965451	1.455710022563505e-05		0.0023364485981308	0.0031152647975077	-9.031068008867229e-06	9.031068008867229e-06	-1.3972451747566117	-0.6203466021592989	False	False	normal
CD14-positive, CD16-negative classical monocyte	effector memory CD4-positive, alpha-beta T cell	PPIA	BSG	CypA	5.526032216767824e-06		0.0057581573896353	0.0004798464491362	1.455710022563505e-05		0.0093457943925233	0.0007788161993769	-9.031068008867229e-06	9.031068008867229e-06	-1.3972451747566117	-0.6203466021592989	False	False	normal
CD14-positive, CD16-negative classical monocyte	effector memory CD8-positive, alpha-beta T cell	PPIA	BSG	CypA	5.526032216767824e-06		0.0057581573896353	0.0004798464491362	1.455710022563505e-05		0.0093457943925233	0.0007788161993769	-9.031068008867229e-06	9.031068008867229e-06	-1.3972451747566117	-0.6203466021592989	False	False	normal
CD14-positive, CD16-negative classical monocyte	central memory CD4-positive, alpha-beta T cell	PPIA	BSG	CypA	5.526032216767824e-06		0.0057581573896353	0.0004798464491362	1.455710022563505e-05		0.0093457943925233	0.0007788161993769	-9.031068008867229e-06	9.031068008867229e-06	-1.3972451747566117	-0.6203466021592989	False	False	normal
central memory CD4-positive, alpha-beta T cell	effector memory CD8-positive, alpha-beta T cell	MIF	CD74_CXCR4	MIF	3.68402826386484e-06		0.0019193857965451	0.0009596928982725	1.2606843187730763e-05		0.0023364485981308	0.0026978984541571	-8.922814923865924e-06	8.922814923865924e-06	-1.7745739064167902	-0.7077193768200655	False	False	normal
effector memory CD8-positive, alpha-beta T cell	central memory CD4-positive, alpha-beta T cell	PPIA	BSG	CypA	5.526032216767824e-06		0.0057581573896353	0.0004798464491362	1.3344024727690911e-05		0.0085669781931464	0.0007788161993769	-7.81799251092309e-06	7.81799251092309e-06	-1.2717250516475564	-0.5858357455644696	False	False	normal
effector memory CD8-positive, alpha-beta T cell	effector memory CD8-positive, alpha-beta T cell	PPIA	BSG	CypA	5.526032216767824e-06		0.0057581573896353	0.0004798464491362	1.3344024727690911e-05		0.0085669781931464	0.0007788161993769	-7.81799251092309e-06	7.81799251092309e-06	-1.2717250516475564	-0.5858357455644696	False	False	normal
effector memory CD8-positive, alpha-beta T cell	effector memory CD4-positive, alpha-beta T cell	PPIA	BSG	CypA	5.526032216767824e-06		0.0057581573896353	0.0004798464491362	1.3344024727690911e-05		0.0085669781931464	0.0007788161993769	-7.81799251092309e-06	7.81799251092309e-06	-1.2717250516475564	-0.5858357455644696	False	False	normal
effector memory CD8-positive, alpha-beta T cell	CD14-positive, CD16-negative classical monocyte	PPIA	BSG	CypA	5.526032216767824e-06		0.0057581573896353	0.0004798464491362	1.3344024727690911e-05		0.0085669781931464	0.0007788161993769	-7.81799251092309e-06	7.81799251092309e-06	-1.2717250516475564	-0.5858357455644696	False	False	normal
naive thymus-derived CD4-positive, alpha-beta T cell	effector memory CD8-positive, alpha-beta T cell	PPIA	BSG	CypA	4.144529888277289e-06		0.0043186180422264	0.0004798464491362	1.0917864902339697e-05		0.0070093457943925	0.0007788161993769	-6.773335014062408e-06	6.773335014062408e-06	-1.397194458900988	-0.6203332557591235	False	False	normal
naive thymus-derived CD4-positive, alpha-beta T cell	central memory CD4-positive, alpha-beta T cell	PPIA	BSG	CypA	4.144529888277289e-06		0.0043186180422264	0.0004798464491362	1.0917864902339697e-05		0.0070093457943925	0.0007788161993769	-6.773335014062408e-06	6.773335014062408e-06	-1.397194458900988	-0.6203332557591235	False	False	normal
naive thymus-derived CD4-positive, alpha-beta T cell	CD14-positive, CD16-negative classical monocyte	PPIA	BSG	CypA	4.144529888277289e-06		0.0043186180422264	0.0004798464491362	1.0917864902339697e-05		0.0070093457943925	0.0007788161993769	-6.773335014062408e-06	6.773335014062408e-06	-1.397194458900988	-0.6203332557591235	False	False	normal
naive thymus-derived CD4-positive, alpha-beta T cell	effector memory CD4-positive, alpha-beta T cell	PPIA	BSG	CypA	4.144529888277289e-06		0.0043186180422264	0.0004798464491362	1.0917864902339697e-05		0.0070093457943925	0.0007788161993769	-6.773335014062408e-06	6.773335014062408e-06	-1.397194458900988	-0.6203332557591235	False	False	normal
CD14-positive, CD16-negative classical monocyte	CD14-positive, CD16-negative classical monocyte	RETN	CAP1	RESISTIN	4.144529888277289e-06		0.0004798464491362	0.0043186180422264	1.0917864902339697e-05		0.0007788161993769	0.0070093457943925	-6.773335014062408e-06	6.773335014062408e-06	-1.397194458900988	-0.6203332557591235	False	False	normal
CD14-positive, CD16-negative classical monocyte	naive thymus-derived CD4-positive, alpha-beta T cell	LGALS9	CD44	GALECTIN	4.14452988827729e-06		0.0014395393474088	0.0014395393474088	1.0917864902339697e-05		0.0023364485981308	0.0023364485981308	-6.773335014062407e-06	6.773335014062407e-06	-1.397194458900988	-0.6203332557591233	False	False	normal
effector memory CD4-positive, alpha-beta T cell	effector memory CD8-positive, alpha-beta T cell	MIF	CD74_CD44	MIF	3.68402826386484e-06		0.0019193857965451	0.0009596928982725	9.7047805749112e-06		0.0031152647975077	0.0015576323987538	-6.020752311046362e-06	6.020752311046362e-06	-1.3971685597811994	-0.620326439957813	False	False	normal
effector memory CD4-positive, alpha-beta T cell	central memory CD4-positive, alpha-beta T cell	MIF	CD74_CD44	MIF	3.68402826386484e-06		0.0019193857965451	0.0009596928982725	9.7047805749112e-06		0.0031152647975077	0.0015576323987538	-6.020752311046362e-06	6.020752311046362e-06	-1.3971685597811994	-0.620326439957813	False	False	normal
effector memory CD8-positive, alpha-beta T cell	CD14-positive, CD16-negative classical monocyte	MIF	CD74_CXCR4	MIF	3.446093711591055e-06		0.0004798464491362	0.0035908420218559	8.996578748607305e-06		0.0007788161993769	0.0057758555195449	-5.55048503701625e-06	5.55048503701625e-06	-1.3841563040746616	-0.6168865193733797	False	False	normal
naive thymus-derived CD4-positive, alpha-beta T cell	CD14-positive, CD16-negative classical monocyte	MIF	CD74_CXCR4	MIF	3.446093711591055e-06		0.0004798464491362	0.0035908420218559	8.996578748607305e-06		0.0007788161993769	0.0057758555195449	-5.55048503701625e-06	5.55048503701625e-06	-1.3841563040746616	-0.6168865193733797	False	False	normal
CD14-positive, CD16-negative classical monocyte	CD14-positive, CD16-negative classical monocyte	MIF	CD74_CXCR4	MIF	3.446093711591055e-06		0.0004798464491362	0.0035908420218559	8.996578748607305e-06		0.0007788161993769	0.0057758555195449	-5.55048503701625e-06	5.55048503701625e-06	-1.3841563040746616	-0.6168865193733797	False	False	normal
CD14-positive, CD16-negative classical monocyte	CD14-positive, CD16-negative classical monocyte	LGALS9	P4HB	GALECTIN	5.526032216767824e-06		0.0014395393474088	0.0019193857965451	1.0917864902339697e-05		0.0023364485981308	0.0023364485981308	-5.391832685571873e-06	5.391832685571873e-06	-0.9822459580351142	-0.4938089017308484	False	False	normal
effector memory CD4-positive, alpha-beta T cell	naive thymus-derived CD4-positive, alpha-beta T cell	MIF	CD74_CD44	MIF	3.190463639471844e-06		0.0019193857965451	0.0008311184297355	8.404597443634517e-06		0.0031152647975077	0.0013489492270785	-5.2141338041626735e-06	5.2141338041626735e-06	-1.397132154186978	-0.6203168589891597	False	False	normal
central memory CD4-positive, alpha-beta T cell	effector memory CD8-positive, alpha-beta T cell	MIF	CD74_CD44	MIF	3.68402826386484e-06		0.0019193857965451	0.0009596928982725	7.278603090494871e-06		0.0023364485981308	0.0015576323987538	-3.5945748266300305e-06	3.5945748266300305e-06	-0.9821841070566454	-0.4937871999262627	False	False	normal
central memory CD4-positive, alpha-beta T cell	central memory CD4-positive, alpha-beta T cell	MIF	CD74_CD44	MIF	3.68402826386484e-06		0.0019193857965451	0.0009596928982725	7.278603090494871e-06		0.0023364485981308	0.0015576323987538	-3.5945748266300305e-06	3.5945748266300305e-06	-0.9821841070566454	-0.4937871999262627	False	False	normal
effector memory CD4-positive, alpha-beta T cell	CD14-positive, CD16-negative classical monocyte	CD40LG	ITGAM_ITGB2	CD40	2.110295618737788e-06		0.0004798464491362	0.0021989326751227	5.559134494765697e-06		0.0007788161993769	0.0035689841861026	-3.4488388760279096e-06	3.4488388760279096e-06	-1.3969911852386971	-0.6202797574905142	False	False	normal
naive thymus-derived CD4-positive, alpha-beta T cell	CD14-positive, CD16-negative classical monocyte	CD40LG	ITGAM_ITGB2	CD40	2.110295618737788e-06		0.0004798464491362	0.0021989326751227	5.559134494765697e-06		0.0007788161993769	0.0035689841861026	-3.4488388760279096e-06	3.4488388760279096e-06	-1.3969911852386971	-0.6202797574905142	False	False	normal
central memory CD4-positive, alpha-beta T cell	CD14-positive, CD16-negative classical monocyte	CD40LG	ITGAM_ITGB2	CD40	2.110295618737788e-06		0.0004798464491362	0.0021989326751227	5.559134494765697e-06		0.0007788161993769	0.0035689841861026	-3.4488388760279096e-06	3.4488388760279096e-06	-1.3969911852386971	-0.6202797574905142	False	False	normal
effector memory CD4-positive, alpha-beta T cell	effector memory CD4-positive, alpha-beta T cell	MIF	CD74_CD44	MIF	6.380906920892169e-06		0.0019193857965451	0.001662236859471	9.7047805749112e-06		0.0031152647975077	0.0015576323987538	-3.323873654019033e-06	3.323873654019033e-06	-0.6048566772061342	-0.3424633009539722	False	False	normal
effector memory CD8-positive, alpha-beta T cell	effector memory CD8-positive, alpha-beta T cell	MIF	CD74_CXCR4	MIF	9.21009610735288e-07		0.0004798464491362	0.0009596928982725	4.202316381206017e-06		0.0007788161993769	0.0026978984541571	-3.2813067704707284e-06	3.2813067704707284e-06	-2.1886743573622467	-0.7806471064472323	False	False	normal
naive thymus-derived CD4-positive, alpha-beta T cell	effector memory CD8-positive, alpha-beta T cell	MIF	CD74_CXCR4	MIF	9.21009610735288e-07		0.0004798464491362	0.0009596928982725	4.202316381206017e-06		0.0007788161993769	0.0026978984541571	-3.2813067704707284e-06	3.2813067704707284e-06	-2.1886743573622467	-0.7806471064472323	False	False	normal
CD14-positive, CD16-negative classical monocyte	effector memory CD8-positive, alpha-beta T cell	MIF	CD74_CXCR4	MIF	9.21009610735288e-07		0.0004798464491362	0.0009596928982725	4.202316381206017e-06		0.0007788161993769	0.0026978984541571	-3.2813067704707284e-06	3.2813067704707284e-06	-2.1886743573622467	-0.7806471064472323	False	False	normal
central memory CD4-positive, alpha-beta T cell	naive thymus-derived CD4-positive, alpha-beta T cell	MIF	CD74_CD44	MIF	3.190463639471844e-06		0.0019193857965451	0.0008311184297355	6.303461327239627e-06		0.0023364485981308	0.0013489492270785	-3.112997687767784e-06	3.112997687767784e-06	-0.9821548962933948	-0.4937769503506166	False	False	normal
naive thymus-derived CD4-positive, alpha-beta T cell	CD14-positive, CD16-negative classical monocyte	IL16	CD4	IL16	1.8420175249547325e-06		0.0004798464491362	0.0019193857965451	4.852413833261356e-06		0.0007788161993769	0.0031152647975077	-3.010396308306624e-06	3.010396308306624e-06	-1.3969300894127463	-0.6202636766054881	False	False	normal
effector memory CD4-positive, alpha-beta T cell	CD14-positive, CD16-negative classical monocyte	IL16	CD4	IL16	1.8420175249547325e-06		0.0004798464491362	0.0019193857965451	4.852413833261356e-06		0.0007788161993769	0.0031152647975077	-3.010396308306624e-06	3.010396308306624e-06	-1.3969300894127463	-0.6202636766054881	False	False	normal
CD14-positive, CD16-negative classical monocyte	effector memory CD4-positive, alpha-beta T cell	RETN	CAP1	RESISTIN	1.8420175249547325e-06		0.0004798464491362	0.0019193857965451	4.852413833261356e-06		0.0007788161993769	0.0031152647975077	-3.010396308306624e-06	3.010396308306624e-06	-1.3969300894127463	-0.6202636766054881	False	False	normal
CD14-positive, CD16-negative classical monocyte	CD14-positive, CD16-negative classical monocyte	IL16	CD4	IL16	1.8420175249547325e-06		0.0004798464491362	0.0019193857965451	4.852413833261356e-06		0.0007788161993769	0.0031152647975077	-3.010396308306624e-06	3.010396308306624e-06	-1.3969300894127463	-0.6202636766054881	False	False	normal
CD14-positive, CD16-negative classical monocyte	effector memory CD8-positive, alpha-beta T cell	RETN	CAP1	RESISTIN	1.8420175249547325e-06		0.0004798464491362	0.0019193857965451	4.852413833261356e-06		0.0007788161993769	0.0031152647975077	-3.010396308306624e-06	3.010396308306624e-06	-1.3969300894127463	-0.6202636766054881	False	False	normal
central memory CD4-positive, alpha-beta T cell	CD14-positive, CD16-negative classical monocyte	IL16	CD4	IL16	1.8420175249547325e-06		0.0004798464491362	0.0019193857965451	4.852413833261356e-06		0.0007788161993769	0.0031152647975077	-3.010396308306624e-06	3.010396308306624e-06	-1.3969300894127463	-0.6202636766054881	False	False	normal
CD14-positive, CD16-negative classical monocyte	central memory CD4-positive, alpha-beta T cell	RETN	CAP1	RESISTIN	1.8420175249547325e-06		0.0004798464491362	0.0019193857965451	4.852413833261356e-06		0.0007788161993769	0.0031152647975077	-3.010396308306624e-06	3.010396308306624e-06	-1.3969300894127463	-0.6202636766054881	False	False	normal
effector memory CD8-positive, alpha-beta T cell	CD14-positive, CD16-negative classical monocyte	IL16	CD4	IL16	1.8420175249547325e-06		0.0004798464491362	0.0019193857965451	4.852413833261356e-06		0.0007788161993769	0.0031152647975077	-3.010396308306624e-06	3.010396308306624e-06	-1.3969300894127463	-0.6202636766054881	False	False	normal
effector memory CD4-positive, alpha-beta T cell	central memory CD4-positive, alpha-beta T cell	MIF	CD74_CXCR4	MIF	1.842017524954732e-06		0.0019193857965451	0.0004798464491362	4.852413833261355e-06		0.0031152647975077	0.0007788161993769	-3.010396308306623e-06	3.010396308306623e-06	-1.396930089412746	-0.620263676605488	False	False	normal
effector memory CD4-positive, alpha-beta T cell	naive thymus-derived CD4-positive, alpha-beta T cell	MIF	CD74_CXCR4	MIF	1.842017524954732e-06		0.0019193857965451	0.0004798464491362	4.852413833261355e-06		0.0031152647975077	0.0007788161993769	-3.010396308306623e-06	3.010396308306623e-06	-1.396930089412746	-0.620263676605488	False	False	normal
naive thymus-derived CD4-positive, alpha-beta T cell	CD14-positive, CD16-negative classical monocyte	ANXA1	FPR1	ANNEXIN	7.368029383701182e-06		0.0019193857965451	0.0019193857965451	9.7047805749112e-06		0.0015576323987538	0.0031152647975077	-2.336751191210019e-06	2.336751191210019e-06	-0.3973696381394499	-0.2407587079858745	False	False	normal
CD14-positive, CD16-negative classical monocyte	CD14-positive, CD16-negative classical monocyte	RETN	TLR4	RESISTIN	1.3815137799091977e-06		0.0004798464491362	0.0014395393474088	3.639314789811374e-06		0.0007788161993769	0.0023364485981308	-2.257801009902176e-06	2.257801009902176e-06	-1.396769350046888	-0.6202213655317336	False	False	normal
CD14-positive, CD16-negative classical monocyte	effector memory CD4-positive, alpha-beta T cell	LGALS9	P4HB	GALECTIN	1.3815137799091977e-06		0.0014395393474088	0.0004798464491362	3.639314789811374e-06		0.0023364485981308	0.0007788161993769	-2.257801009902176e-06	2.257801009902176e-06	-1.396769350046888	-0.6202213655317336	False	False	normal
CD14-positive, CD16-negative classical monocyte	central memory CD4-positive, alpha-beta T cell	LGALS9	P4HB	GALECTIN	1.3815137799091977e-06		0.0014395393474088	0.0004798464491362	3.639314789811374e-06		0.0023364485981308	0.0007788161993769	-2.257801009902176e-06	2.257801009902176e-06	-1.396769350046888	-0.6202213655317336	False	False	normal
CD14-positive, CD16-negative classical monocyte	naive thymus-derived CD4-positive, alpha-beta T cell	RETN	CAP1	RESISTIN	1.3815137799091977e-06		0.0004798464491362	0.0014395393474088	3.639314789811374e-06		0.0007788161993769	0.0023364485981308	-2.257801009902176e-06	2.257801009902176e-06	-1.396769350046888	-0.6202213655317336	False	False	normal
CD14-positive, CD16-negative classical monocyte	effector memory CD8-positive, alpha-beta T cell	LGALS9	P4HB	GALECTIN	1.3815137799091977e-06		0.0014395393474088	0.0004798464491362	3.639314789811374e-06		0.0023364485981308	0.0007788161993769	-2.257801009902176e-06	2.257801009902176e-06	-1.396769350046888	-0.6202213655317336	False	False	normal
CD14-positive, CD16-negative classical monocyte	effector memory CD8-positive, alpha-beta T cell	LGALS9	CD44	GALECTIN	1.3815137799091977e-06		0.0014395393474088	0.0004798464491362	3.639314789811374e-06		0.0023364485981308	0.0007788161993769	-2.257801009902176e-06	2.257801009902176e-06	-1.396769350046888	-0.6202213655317336	False	False	normal
effector memory CD4-positive, alpha-beta T cell	CD14-positive, CD16-negative classical monocyte	CCL5	CCR1	CCL	1.8420175249547325e-06		0.0019193857965451	0.0004798464491362	3.639314789811374e-06		0.0023364485981308	0.0007788161993769	-1.7972972648566416e-06	1.7972972648566416e-06	-0.981993420944519	-0.4937202875660569	False	False	normal
central memory CD4-positive, alpha-beta T cell	naive thymus-derived CD4-positive, alpha-beta T cell	MIF	CD74_CXCR4	MIF	1.842017524954732e-06		0.0019193857965451	0.0004798464491362	3.6393147898113735e-06		0.0023364485981308	0.0007788161993769	-1.7972972648566414e-06	1.7972972648566414e-06	-0.981993420944519	-0.4937202875660569	False	False	normal
central memory CD4-positive, alpha-beta T cell	central memory CD4-positive, alpha-beta T cell	MIF	CD74_CXCR4	MIF	1.842017524954732e-06		0.0019193857965451	0.0004798464491362	3.6393147898113735e-06		0.0023364485981308	0.0007788161993769	-1.7972972648566414e-06	1.7972972648566414e-06	-0.981993420944519	-0.4937202875660569	False	False	normal
effector memory CD4-positive, alpha-beta T cell	effector memory CD4-positive, alpha-beta T cell	MIF	CD74_CXCR4	MIF	3.190463639471844e-06		0.0019193857965451	0.0008311184297355	4.852413833261355e-06		0.0031152647975077	0.0007788161993769	-1.6619501937895118e-06	1.6619501937895118e-06	-0.6047816676197096	-0.3424291129678362	False	False	normal
naive thymus-derived CD4-positive, alpha-beta T cell	central memory CD4-positive, alpha-beta T cell	MIF	CD74_CD44	MIF	9.21009610735288e-07		0.0004798464491362	0.0009596928982725	2.4262128031249616e-06		0.0007788161993769	0.0015576323987538	-1.5052031923896736e-06	1.5052031923896736e-06	-1.3964469066423897	-0.6201364752409723	False	False	normal
effector memory CD8-positive, alpha-beta T cell	effector memory CD8-positive, alpha-beta T cell	MIF	CD74_CD44	MIF	9.21009610735288e-07		0.0004798464491362	0.0009596928982725	2.4262128031249616e-06		0.0007788161993769	0.0015576323987538	-1.5052031923896736e-06	1.5052031923896736e-06	-1.3964469066423897	-0.6201364752409723	False	False	normal
effector memory CD8-positive, alpha-beta T cell	central memory CD4-positive, alpha-beta T cell	MIF	CD74_CD44	MIF	9.21009610735288e-07		0.0004798464491362	0.0009596928982725	2.4262128031249616e-06		0.0007788161993769	0.0015576323987538	-1.5052031923896736e-06	1.5052031923896736e-06	-1.3964469066423897	-0.6201364752409723	False	False	normal
CD14-positive, CD16-negative classical monocyte	central memory CD4-positive, alpha-beta T cell	MIF	CD74_CD44	MIF	9.21009610735288e-07		0.0004798464491362	0.0009596928982725	2.4262128031249616e-06		0.0007788161993769	0.0015576323987538	-1.5052031923896736e-06	1.5052031923896736e-06	-1.3964469066423897	-0.6201364752409723	False	False	normal
CD14-positive, CD16-negative classical monocyte	effector memory CD8-positive, alpha-beta T cell	MIF	CD74_CD44	MIF	9.21009610735288e-07		0.0004798464491362	0.0009596928982725	2.4262128031249616e-06		0.0007788161993769	0.0015576323987538	-1.5052031923896736e-06	1.5052031923896736e-06	-1.3964469066423897	-0.6201364752409723	False	False	normal
naive thymus-derived CD4-positive, alpha-beta T cell	effector memory CD8-positive, alpha-beta T cell	MIF	CD74_CD44	MIF	9.21009610735288e-07		0.0004798464491362	0.0009596928982725	2.4262128031249616e-06		0.0007788161993769	0.0015576323987538	-1.5052031923896736e-06	1.5052031923896736e-06	-1.3964469066423897	-0.6201364752409723	False	False	normal
CD14-positive, CD16-negative classical monocyte	naive thymus-derived CD4-positive, alpha-beta T cell	LGALS9	P4HB	GALECTIN	1.3815137799091977e-06		0.0014395393474088	0.0004798464491362	0.0		0.0	0.0	1.3815137799091977e-06	1.3815137799091977e-06	10.433078144946723	1381.5137799091976	True	False	cytomegalovirus infection
effector memory CD8-positive, alpha-beta T cell	naive thymus-derived CD4-positive, alpha-beta T cell	MIF	CD74_CD44	MIF	7.976178184459468e-07		0.0004798464491362	0.0008311184297355	2.101162605478026e-06		0.0007788161993769	0.0013489492270785	-1.3035447870320793e-06	1.3035447870320793e-06	-1.3962971019884716	-0.6200970294282524	False	False	normal
naive thymus-derived CD4-positive, alpha-beta T cell	naive thymus-derived CD4-positive, alpha-beta T cell	MIF	CD74_CD44	MIF	7.976178184459468e-07		0.0004798464491362	0.0008311184297355	2.101162605478026e-06		0.0007788161993769	0.0013489492270785	-1.3035447870320793e-06	1.3035447870320793e-06	-1.3962971019884716	-0.6200970294282524	False	False	normal
CD14-positive, CD16-negative classical monocyte	naive thymus-derived CD4-positive, alpha-beta T cell	MIF	CD74_CD44	MIF	7.976178184459468e-07		0.0004798464491362	0.0008311184297355	2.101162605478026e-06		0.0007788161993769	0.0013489492270785	-1.3035447870320793e-06	1.3035447870320793e-06	-1.3962971019884716	-0.6200970294282524	False	False	normal
central memory CD4-positive, alpha-beta T cell	effector memory CD4-positive, alpha-beta T cell	MIF	CD74_CD44	MIF	6.380906920892169e-06		0.0019193857965451	0.001662236859471	7.278603090494871e-06		0.0023364485981308	0.0015576323987538	-8.976961696027019e-07	8.976961696027019e-07	-0.1898722244815802	-0.1233166366961466	False	False	normal
effector memory CD8-positive, alpha-beta T cell	effector memory CD4-positive, alpha-beta T cell	MIF	CD74_CD44	MIF	1.59523436450454e-06		0.0004798464491362	0.001662236859471	2.4262128031249616e-06		0.0007788161993769	0.0015576323987538	-8.309784386204217e-07	8.309784386204217e-07	-0.6046281122268615	-0.3423591197074119	False	False	normal
CD14-positive, CD16-negative classical monocyte	effector memory CD4-positive, alpha-beta T cell	MIF	CD74_CD44	MIF	1.59523436450454e-06		0.0004798464491362	0.001662236859471	2.4262128031249616e-06		0.0007788161993769	0.0015576323987538	-8.309784386204217e-07	8.309784386204217e-07	-0.6046281122268615	-0.3423591197074119	False	False	normal
naive thymus-derived CD4-positive, alpha-beta T cell	effector memory CD4-positive, alpha-beta T cell	MIF	CD74_CD44	MIF	1.59523436450454e-06		0.0004798464491362	0.001662236859471	2.4262128031249616e-06		0.0007788161993769	0.0015576323987538	-8.309784386204217e-07	8.309784386204217e-07	-0.6046281122268615	-0.3423591197074119	False	False	normal
effector memory CD4-positive, alpha-beta T cell	central memory CD4-positive, alpha-beta T cell	IL16	CD4	IL16	4.605050174324175e-07		0.0004798464491362	0.0004798464491362	1.2131078731914078e-06		0.0007788161993769	0.0007788161993769	-7.526028557589903e-07	7.526028557589903e-07	-1.3954783725018027	-0.6198813732923879	False	False	normal
CD14-positive, CD16-negative classical monocyte	effector memory CD4-positive, alpha-beta T cell	IL16	CD4	IL16	4.605050174324175e-07		0.0004798464491362	0.0004798464491362	1.2131078731914078e-06		0.0007788161993769	0.0007788161993769	-7.526028557589903e-07	7.526028557589903e-07	-1.3954783725018027	-0.6198813732923879	False	False	normal
effector memory CD8-positive, alpha-beta T cell	effector memory CD4-positive, alpha-beta T cell	IL16	CD4	IL16	4.605050174324175e-07		0.0004798464491362	0.0004798464491362	1.2131078731914078e-06		0.0007788161993769	0.0007788161993769	-7.526028557589903e-07	7.526028557589903e-07	-1.3954783725018027	-0.6198813732923879	False	False	normal
effector memory CD4-positive, alpha-beta T cell	effector memory CD4-positive, alpha-beta T cell	IL16	CD4	IL16	4.605050174324175e-07		0.0004798464491362	0.0004798464491362	1.2131078731914078e-06		0.0007788161993769	0.0007788161993769	-7.526028557589903e-07	7.526028557589903e-07	-1.3954783725018027	-0.6198813732923879	False	False	normal
effector memory CD8-positive, alpha-beta T cell	central memory CD4-positive, alpha-beta T cell	IL16	CD4	IL16	4.605050174324175e-07		0.0004798464491362	0.0004798464491362	1.2131078731914078e-06		0.0007788161993769	0.0007788161993769	-7.526028557589903e-07	7.526028557589903e-07	-1.3954783725018027	-0.6198813732923879	False	False	normal
naive thymus-derived CD4-positive, alpha-beta T cell	central memory CD4-positive, alpha-beta T cell	IL16	CD4	IL16	4.605050174324175e-07		0.0004798464491362	0.0004798464491362	1.2131078731914078e-06		0.0007788161993769	0.0007788161993769	-7.526028557589903e-07	7.526028557589903e-07	-1.3954783725018027	-0.6198813732923879	False	False	normal
CD14-positive, CD16-negative classical monocyte	central memory CD4-positive, alpha-beta T cell	IL16	CD4	IL16	4.605050174324175e-07		0.0004798464491362	0.0004798464491362	1.2131078731914078e-06		0.0007788161993769	0.0007788161993769	-7.526028557589903e-07	7.526028557589903e-07	-1.3954783725018027	-0.6198813732923879	False	False	normal
central memory CD4-positive, alpha-beta T cell	central memory CD4-positive, alpha-beta T cell	IL16	CD4	IL16	4.605050174324175e-07		0.0004798464491362	0.0004798464491362	1.2131078731914078e-06		0.0007788161993769	0.0007788161993769	-7.526028557589903e-07	7.526028557589903e-07	-1.3954783725018027	-0.6198813732923879	False	False	normal
central memory CD4-positive, alpha-beta T cell	effector memory CD4-positive, alpha-beta T cell	IL16	CD4	IL16	4.605050174324175e-07		0.0004798464491362	0.0004798464491362	1.2131078731914078e-06		0.0007788161993769	0.0007788161993769	-7.526028557589903e-07	7.526028557589903e-07	-1.3954783725018027	-0.6198813732923879	False	False	normal
naive thymus-derived CD4-positive, alpha-beta T cell	effector memory CD4-positive, alpha-beta T cell	IL16	CD4	IL16	4.605050174324175e-07		0.0004798464491362	0.0004798464491362	1.2131078731914078e-06		0.0007788161993769	0.0007788161993769	-7.526028557589903e-07	7.526028557589903e-07	-1.3954783725018027	-0.6198813732923879	False	False	normal
effector memory CD8-positive, alpha-beta T cell	central memory CD4-positive, alpha-beta T cell	MIF	CD74_CXCR4	MIF	4.605050174324174e-07		0.0004798464491362	0.0004798464491362	1.2131078731914076e-06		0.0007788161993769	0.0007788161993769	-7.526028557589902e-07	7.526028557589902e-07	-1.3954783725018027	-0.619881373292388	False	False	normal
naive thymus-derived CD4-positive, alpha-beta T cell	central memory CD4-positive, alpha-beta T cell	MIF	CD74_CXCR4	MIF	4.605050174324174e-07		0.0004798464491362	0.0004798464491362	1.2131078731914076e-06		0.0007788161993769	0.0007788161993769	-7.526028557589902e-07	7.526028557589902e-07	-1.3954783725018027	-0.619881373292388	False	False	normal
CD14-positive, CD16-negative classical monocyte	naive thymus-derived CD4-positive, alpha-beta T cell	MIF	CD74_CXCR4	MIF	4.605050174324174e-07		0.0004798464491362	0.0004798464491362	1.2131078731914076e-06		0.0007788161993769	0.0007788161993769	-7.526028557589902e-07	7.526028557589902e-07	-1.3954783725018027	-0.619881373292388	False	False	normal
CD14-positive, CD16-negative classical monocyte	central memory CD4-positive, alpha-beta T cell	MIF	CD74_CXCR4	MIF	4.605050174324174e-07		0.0004798464491362	0.0004798464491362	1.2131078731914076e-06		0.0007788161993769	0.0007788161993769	-7.526028557589902e-07	7.526028557589902e-07	-1.3954783725018027	-0.619881373292388	False	False	normal
effector memory CD8-positive, alpha-beta T cell	naive thymus-derived CD4-positive, alpha-beta T cell	MIF	CD74_CXCR4	MIF	4.605050174324174e-07		0.0004798464491362	0.0004798464491362	1.2131078731914076e-06		0.0007788161993769	0.0007788161993769	-7.526028557589902e-07	7.526028557589902e-07	-1.3954783725018027	-0.619881373292388	False	False	normal
naive thymus-derived CD4-positive, alpha-beta T cell	naive thymus-derived CD4-positive, alpha-beta T cell	MIF	CD74_CXCR4	MIF	4.605050174324174e-07		0.0004798464491362	0.0004798464491362	1.2131078731914076e-06		0.0007788161993769	0.0007788161993769	-7.526028557589902e-07	7.526028557589902e-07	-1.3954783725018027	-0.619881373292388	False	False	normal
CD14-positive, CD16-negative classical monocyte	naive thymus-derived CD4-positive, alpha-beta T cell	IL16	CD4	IL16	4.605050174324175e-07		0.0004798464491362	0.0004798464491362	0.0		0.0	0.0	4.605050174324175e-07	4.605050174324175e-07	8.850202522554804	460.5050174324174	True	False	cytomegalovirus infection
naive thymus-derived CD4-positive, alpha-beta T cell	naive thymus-derived CD4-positive, alpha-beta T cell	IL16	CD4	IL16	4.605050174324175e-07		0.0004798464491362	0.0004798464491362	0.0		0.0	0.0	4.605050174324175e-07	4.605050174324175e-07	8.850202522554804	460.5050174324174	True	False	cytomegalovirus infection
effector memory CD8-positive, alpha-beta T cell	naive thymus-derived CD4-positive, alpha-beta T cell	IL16	CD4	IL16	4.605050174324175e-07		0.0004798464491362	0.0004798464491362	0.0		0.0	0.0	4.605050174324175e-07	4.605050174324175e-07	8.850202522554804	460.5050174324174	True	False	cytomegalovirus infection
effector memory CD4-positive, alpha-beta T cell	naive thymus-derived CD4-positive, alpha-beta T cell	IL16	CD4	IL16	4.605050174324175e-07		0.0004798464491362	0.0004798464491362	0.0		0.0	0.0	4.605050174324175e-07	4.605050174324175e-07	8.850202522554804	460.5050174324174	True	False	cytomegalovirus infection
central memory CD4-positive, alpha-beta T cell	naive thymus-derived CD4-positive, alpha-beta T cell	IL16	CD4	IL16	4.605050174324175e-07		0.0004798464491362	0.0004798464491362	0.0		0.0	0.0	4.605050174324175e-07	4.605050174324175e-07	8.850202522554804	460.5050174324174	True	False	cytomegalovirus infection
central memory CD4-positive, alpha-beta T cell	effector memory CD4-positive, alpha-beta T cell	MIF	CD74_CXCR4	MIF	3.190463639471844e-06		0.0019193857965451	0.0008311184297355	3.6393147898113735e-06		0.0023364485981308	0.0007788161993769	-4.4885115033952986e-07	4.4885115033952986e-07	-0.1898449991514826	-0.1233000925073261	False	False	normal
CD14-positive, CD16-negative classical monocyte	effector memory CD4-positive, alpha-beta T cell	MIF	CD74_CXCR4	MIF	7.976178184459468e-07		0.0004798464491362	0.0008311184297355	1.2131078731914076e-06		0.0007788161993769	0.0007788161993769	-4.154900547454608e-07	4.154900547454608e-07	-0.6043194441087881	-0.3422184007861693	False	False	normal
effector memory CD8-positive, alpha-beta T cell	effector memory CD4-positive, alpha-beta T cell	MIF	CD74_CXCR4	MIF	7.976178184459468e-07		0.0004798464491362	0.0008311184297355	1.2131078731914076e-06		0.0007788161993769	0.0007788161993769	-4.154900547454608e-07	4.154900547454608e-07	-0.6043194441087881	-0.3422184007861693	False	False	normal
naive thymus-derived CD4-positive, alpha-beta T cell	effector memory CD4-positive, alpha-beta T cell	MIF	CD74_CXCR4	MIF	7.976178184459468e-07		0.0004798464491362	0.0008311184297355	1.2131078731914076e-06		0.0007788161993769	0.0007788161993769	-4.154900547454608e-07	4.154900547454608e-07	-0.6043194441087881	-0.3422184007861693	False	False	normal
